{"animation_speed":250,"curve_points":[[0.24609375,0.8427899]]}